,VendorID,tpep_pickup_datetime,tpep_dropoff_datetime,passenger_count,trip_distance,pickup_longitude,pickup_latitude,RateCodeID,store_and_fwd_flag,dropoff_longitude,dropoff_latitude,payment_type,fare_amount,extra
0,2,2015-06-06 05:26:02,2015-06-06 05:34:08,2,2.15,-74.0005493164,40.7332305908,1,N,-74.0146713257,40.7097091675,2,9.0,0.5
1,1,2015-06-06 05:26:03,2015-06-06 05:35:41,1,2.0,-74.0068664551,40.743850708,1,N,-73.9949874878,40.7600860596,1,9.5,0.5
2,1,2015-06-06 05:26:04,2015-06-06 06:04:32,1,10.1,-73.9965820312,40.7373771667,1,N,-73.912727356,40.6585388184,1,33.0,0.5
3,2,2015-06-06 05:26:04,2015-06-06 05:39:59,1,5.65,-73.9526443481,40.7148208618,1,N,-73.9605560303,40.6595687866,1,17.5,0.5
4,1,2015-06-06 05:26:06,2015-06-06 05:42:55,1,4.2,-73.9327697754,40.7450714111,1,N,-73.9919891357,40.7493553162,2,16.5,0.5
5,1,2015-06-06 05:26:06,2015-06-06 05:39:01,1,3.9,-73.9228515625,40.7608184814,1,N,-73.9820556641,40.7683525085,1,14.5,0.5
6,1,2015-06-06 05:26:08,2015-06-06 05:39:19,1,4.8,-73.950553894,40.7795982361,1,N,-73.9494094849,40.7621765137,2,15.5,0.5
7,1,2015-06-06 05:26:09,2015-06-06 05:30:43,1,1.0,-73.9455337524,40.7820053101,1,N,-73.9514083862,40.7701377869,2,6.0,0.5
8,1,2015-06-06 05:26:11,2015-06-06 05:29:03,1,0.8,-73.9086227417,40.7709121704,1,N,-73.8976593018,40.7797813416,1,4.5,0.5
9,2,2015-06-06 05:26:11,2015-06-06 05:33:35,6,2.17,-73.9408187866,40.7967414856,1,N,-73.9527435303,40.7749481201,2,8.5,0.5
10,2,2015-06-06 05:26:11,2015-06-06 05:45:19,1,4.71,-74.0073623657,40.7410125732,1,N,-73.9565734863,40.7171401978,1,17.5,0.5
11,2,2015-06-06 05:26:11,2015-06-06 05:48:53,1,14.93,-73.7769622803,40.6449699402,1,N,-73.8409729004,40.730381012,1,41.0,0.5
12,2,2015-06-06 05:26:12,2015-06-06 05:35:14,5,3.21,-73.9898834229,40.7336082458,1,N,-73.9644241333,40.7731513977,1,11.5,0.5
13,1,2015-06-06 05:26:12,2015-06-06 05:29:15,1,0.7,-74.0022354126,40.7504272461,1,N,-74.0037155151,40.7430305481,1,4.5,0.5
14,2,2015-06-06 05:26:14,2015-06-06 05:29:21,1,0.78,-73.9887008667,40.7486534119,1,N,-73.9848251343,40.7581367493,2,4.5,0.5
15,2,2015-06-06 05:26:15,2015-06-06 05:41:08,1,4.97,-73.9555969238,40.7768630981,1,N,-73.9057693481,40.7469978333,1,16.0,0.5
16,1,2015-06-06 05:26:15,2015-06-06 05:34:38,2,2.6,-73.9840316772,40.755695343,1,N,-73.9940414429,40.7283630371,1,9.5,0.5
17,2,2015-06-06 05:26:16,2015-06-06 05:48:41,1,6.21,-73.9852828979,40.7383041382,1,N,-73.9442977905,40.6801185608,2,21.5,0.5
18,2,2015-06-06 05:26:16,2015-06-06 05:31:46,1,1.48,-73.9346313477,40.8013801575,1,N,-73.9402008057,40.789478302,2,6.5,0.5
19,1,2015-06-06 05:26:16,2015-06-06 05:38:56,1,2.8,-73.9123153687,40.7453460693,1,N,-73.8798141479,40.7612953186,2,11.5,0.5
20,2,2015-06-06 05:26:17,2015-06-06 05:49:53,1,4.58,-73.9738006592,40.7842788696,1,N,-73.9913635254,40.7498817444,2,18.5,0.5
21,1,2015-06-06 05:26:17,2015-06-06 05:32:51,1,1.9,-73.9900665283,40.7565841675,1,N,-73.9634628296,40.7575302124,2,7.5,0.5
22,1,2015-06-06 05:26:18,2015-06-06 05:56:09,4,17.4,-73.9892501831,40.7579231262,1,N,-73.8366394043,40.865688324,2,47.5,0.5
23,1,2015-06-06 05:26:19,2015-06-06 05:30:13,1,1.6,-73.9818267822,40.7324943542,1,N,-73.9707946777,40.7518196106,1,6.5,0.5
24,1,2015-06-06 05:26:19,2015-06-06 05:27:58,1,0.2,-73.9898834229,40.7155303955,1,N,-73.9923553467,40.7139549255,2,3.0,0.5
25,1,2015-06-06 05:26:20,2015-06-06 06:00:55,2,10.4,-73.9885635376,40.7214813232,1,N,-73.9189147949,40.7391738892,2,35.0,0.5
26,2,2015-06-06 05:26:22,2015-06-06 05:45:58,2,7.71,-73.9664306641,40.764541626,1,N,-73.8520812988,40.72605896,1,23.5,0.5
27,2,2015-06-06 05:26:22,2015-06-06 05:32:42,2,1.08,-73.988494873,40.722618103,1,N,-73.9830474854,40.7132606506,2,6.5,0.5
28,1,2015-06-06 05:26:25,2015-06-06 05:34:30,1,2.9,-74.00050354,40.7322425842,1,N,-73.9889068604,40.7658424377,2,10.0,0.5
29,2,2015-06-06 05:26:25,2015-06-06 05:50:09,1,8.63,-74.0009918213,40.7316818237,1,N,-73.9418487549,40.8176956177,1,27.0,0.5
30,1,2015-06-06 05:26:26,2015-06-06 05:37:24,2,2.3,-74.0028152466,40.7398109436,1,N,-73.9968719482,40.7147750854,1,10.0,0.5
31,1,2015-06-06 05:26:26,2015-06-06 05:33:35,1,2.1,-73.9952545166,40.7445297241,1,N,-73.9958343506,40.7214851379,1,8.5,0.5
32,2,2015-06-06 05:26:27,2015-06-06 05:27:23,1,0.22,-73.9839859009,40.7441482544,1,N,-73.9869308472,40.7453727722,2,3.0,0.5
33,2,2015-06-06 05:26:28,2015-06-06 05:35:06,6,1.68,-73.9680099487,40.7593307495,1,N,-73.9572372437,40.7698097229,1,8.0,0.5
34,2,2015-06-06 05:26:30,2015-06-06 05:30:46,5,0.99,-73.9471511841,40.7801780701,1,N,-73.9517593384,40.7693634033,1,5.5,0.5
35,2,2015-06-06 05:26:30,2015-06-06 05:35:22,5,3.31,-73.9565429688,40.7709083557,1,N,-73.9240036011,40.744808197,2,11.5,0.5
36,1,2015-06-06 05:26:33,2015-06-06 05:31:35,1,1.1,-73.9864730835,40.7475128174,1,N,-73.9813232422,40.7372932434,2,5.5,0.5
37,1,2015-06-06 05:26:33,2015-06-06 05:32:31,2,1.3,-73.9839096069,40.74401474,1,N,-73.9856262207,40.7579612732,2,6.5,0.5
38,2,2015-06-06 05:26:33,2015-06-06 05:32:48,2,0.98,-73.9843521118,40.7287979126,1,N,-73.998626709,40.7340698242,2,6.0,0.5
39,1,2015-06-06 05:26:34,2015-06-06 05:55:35,2,12.3,-74.001914978,40.7294769287,1,N,-73.8615875244,40.7682647705,1,35.5,0.5
40,2,2015-06-06 05:26:35,2015-06-06 05:35:04,3,2.76,-73.8930435181,40.7488822937,1,N,-73.9200134277,40.7631530762,2,10.0,0.5
41,1,2015-06-06 05:26:38,2015-06-06 05:58:06,1,18.1,-73.7770614624,40.6459197998,2,N,-73.9837417603,40.7613182068,1,52.0,0.0
42,2,2015-06-06 05:26:38,2015-06-06 05:47:27,5,11.03,-73.9862670898,40.7683982849,1,N,-73.8726196289,40.7743301392,1,31.5,0.5
43,1,2015-06-06 05:26:38,2015-06-06 05:31:15,1,0.4,-73.9376831055,40.7969932556,1,N,-73.9428329468,40.7969665527,3,5.0,0.5
44,1,2015-06-06 05:26:38,2015-06-06 05:37:49,1,3.2,-73.912727356,40.7667388916,1,N,-73.8728942871,40.7700920105,2,11.5,0.5
45,2,2015-06-06 05:26:39,2015-06-06 05:29:50,1,0.6,-73.9035263062,40.7711334229,1,N,-73.9116439819,40.7754402161,2,4.5,0.5
46,2,2015-06-06 05:26:40,2015-06-06 05:42:47,1,4.3,-73.9831619263,40.7638893127,1,N,-73.9152832031,40.7457313538,2,15.5,0.5
47,1,2015-06-06 05:26:40,2015-06-06 05:31:20,1,1.1,-73.9827651978,40.7661437988,1,N,-73.9627914429,40.7582130432,2,6.0,0.5
48,1,2015-06-06 05:26:42,2015-06-06 05:47:20,1,11.7,-74.0090255737,40.7065391541,1,N,-73.871635437,40.7742347717,1,32.5,0.5
49,2,2015-06-06 05:26:43,2015-06-06 05:46:10,1,10.63,-73.9747238159,40.7560310364,1,N,-73.8709793091,40.7741470337,1,30.5,0.5
50,2,2015-06-06 05:26:43,2015-06-06 05:29:53,1,0.79,-73.9659194946,40.7620124817,1,N,-73.956817627,40.7665481567,2,4.5,0.5
51,1,2015-06-06 05:26:44,2015-06-06 05:33:56,1,2.3,-74.0065917969,40.7439575195,1,N,-73.9851303101,40.769405365,1,9.0,0.5
52,1,2015-06-06 05:26:45,2015-06-06 05:34:52,1,3.0,-73.9870758057,40.7293663025,1,N,-73.9705200195,40.764755249,2,10.5,0.5
53,1,2015-06-06 05:26:45,2015-06-06 05:59:32,1,19.2,-73.7767715454,40.6452484131,2,N,-73.9822235107,40.7712478638,2,52.0,0.0
54,2,2015-06-06 05:26:46,2015-06-06 05:32:27,1,1.59,-73.9811706543,40.7640953064,1,N,-73.9784393311,40.7479553223,1,7.0,0.5
55,1,2015-06-06 05:26:48,2015-06-06 05:32:07,1,1.5,-73.9541854858,40.8059768677,1,N,-73.9400253296,40.8253898621,1,7.0,0.5
56,1,2015-06-06 05:26:49,2015-06-06 05:41:53,1,5.0,-74.0006484985,40.7297782898,1,N,-73.9496459961,40.776889801,1,16.5,0.5
57,1,2015-06-06 05:26:49,2015-06-06 05:31:00,1,0.8,-73.9829788208,40.7608985901,1,N,-73.9704055786,40.7562675476,2,5.0,0.5
58,2,2015-06-06 05:26:51,2015-06-06 05:29:22,1,0.52,-73.9336853027,40.766330719,1,N,-73.9370422363,40.7642021179,2,4.0,0.5
59,2,2015-06-06 05:26:53,2015-06-06 05:41:58,1,4.58,-73.9967193604,40.7635116577,1,N,-74.0122299194,40.7043533325,2,16.0,0.5
60,2,2015-06-06 05:26:55,2015-06-06 05:58:45,1,6.59,-73.9991531372,40.7282104492,1,N,-73.8984222412,40.7068405151,1,23.5,0.5
61,2,2015-06-06 05:26:58,2015-06-06 05:39:52,1,4.17,-73.9256820679,40.821346283,1,N,-73.9556884766,40.7794075012,1,14.0,0.5
62,2,2015-06-06 05:27:00,2015-06-06 05:39:07,2,3.82,-74.0086517334,40.7136421204,1,N,-73.9875793457,40.7602348328,2,13.0,0.5
63,1,2015-06-06 05:27:00,2015-06-06 05:31:07,2,1.0,-73.9520874023,40.7730026245,1,N,-73.9576873779,40.765296936,1,5.5,0.5
64,1,2015-06-06 05:27:01,2015-06-06 05:41:19,1,4.6,-73.9534912109,40.775604248,1,N,-73.9256668091,40.828125,2,16.5,0.5
65,1,2015-06-06 05:27:01,2015-06-06 05:38:16,1,6.0,-73.946975708,40.7804222107,1,N,-73.938659668,40.8509483337,2,17.5,0.5
66,1,2015-06-06 05:27:01,2015-06-06 05:30:23,1,1.1,-73.9898223877,40.7565765381,1,N,-73.9800186157,40.7702407837,1,5.5,0.5
67,2,2015-06-06 05:27:02,2015-06-06 05:36:09,1,2.97,-73.9784164429,40.7452392578,1,N,-73.9500656128,40.7804908752,1,10.5,0.5
68,2,2015-06-06 05:27:04,2015-06-06 05:41:47,5,3.72,-73.9841079712,40.744140625,1,N,-73.9451675415,40.775138855,2,14.0,0.5
69,1,2015-06-06 05:27:05,2015-06-06 05:47:47,1,6.5,-73.9066162109,40.8490447998,1,N,-73.8377227783,40.8740692139,4,22.0,0.5
70,1,2015-06-06 05:27:06,2015-06-06 05:37:01,1,2.4,-73.96144104,40.7740745544,1,N,-73.9388809204,40.8050994873,1,10.0,0.5
71,1,2015-06-06 05:27:07,2015-06-06 05:32:29,1,1.9,-73.9843063354,40.7798042297,1,N,-73.9992370605,40.7563209534,1,7.5,0.5
72,2,2015-06-06 05:27:07,2015-06-06 05:41:14,1,3.85,-74.0044403076,40.7164955139,1,N,-73.9981002808,40.7607421875,1,14.0,0.5
73,2,2015-06-06 05:27:08,2015-06-06 05:52:47,1,10.11,-73.952911377,40.6969718933,1,N,-73.9972686768,40.6436233521,1,30.5,0.5
74,1,2015-06-06 05:27:08,2015-06-06 05:31:08,1,1.2,-74.0038909912,40.7320251465,1,N,-74.0050888062,40.7192726135,1,6.0,0.5
75,2,2015-06-06 05:27:09,2015-06-06 05:29:41,1,0.63,-73.9899673462,40.7253494263,1,N,-73.9881515503,40.7188415527,2,4.0,0.5
76,1,2015-06-06 05:27:10,2015-06-06 05:32:11,1,2.0,-73.9719238281,40.7537918091,1,N,-73.9524688721,40.776512146,1,7.5,0.5
77,2,2015-06-06 05:27:11,2015-06-06 05:31:21,6,1.15,-73.9923553467,40.7403068542,1,N,-74.0009841919,40.7308769226,2,5.5,0.5
78,2,2015-06-06 05:27:12,2015-06-06 05:43:41,1,9.87,-73.9667663574,40.7572479248,1,N,-73.8708343506,40.7741127014,1,27.5,0.5
79,2,2015-06-06 05:27:12,2015-06-06 05:37:37,5,4.22,-73.9033508301,40.7453918457,1,N,-73.8655090332,40.7708282471,1,13.5,0.5
80,1,2015-06-06 05:27:14,2015-06-06 05:56:09,1,17.9,-73.9451522827,40.7834014893,2,N,-73.7863540649,40.6442718506,1,52.0,0.0
81,1,2015-06-06 05:27:14,2015-06-06 05:40:50,1,5.1,-73.988899231,40.7194366455,1,N,-73.9199905396,40.739402771,2,16.0,0.5
82,1,2015-06-06 05:27:16,2015-06-06 05:48:49,3,11.2,-74.0058822632,40.7486419678,1,N,-73.8968353271,40.8496742249,1,32.0,0.5
83,1,2015-06-06 05:27:16,2015-06-06 05:49:48,1,9.5,-73.977973938,40.7863731384,1,N,-73.8722686768,40.7745285034,1,29.0,0.5
84,2,2015-06-06 05:27:18,2015-06-06 05:34:21,1,0.94,-73.9869918823,40.747428894,1,N,-73.9741897583,40.748210907,1,6.5,0.5
85,1,2015-06-06 05:27:21,2015-06-06 05:32:07,1,1.6,-73.9531021118,40.7766990662,1,N,-73.9394836426,40.797908783,1,6.5,0.5
86,2,2015-06-06 05:27:22,2015-06-06 05:30:11,1,0.53,-73.9803237915,40.7632408142,1,N,-73.9855880737,40.7583656311,2,4.0,0.5
87,1,2015-06-06 05:27:22,2015-06-06 05:49:47,1,4.0,-74.0073928833,40.740978241,1,N,-73.9579620361,40.7110176086,1,17.5,0.5
88,1,2015-06-06 05:27:23,2015-06-06 05:31:21,1,1.6,-74.0014572144,40.730846405,1,N,-73.9862594604,40.7515640259,1,6.5,0.5
89,2,2015-06-06 05:27:24,2015-06-06 05:34:47,6,1.56,-73.9893875122,40.720916748,1,N,-74.0059661865,40.7148017883,1,7.5,0.5
90,2,2015-06-06 05:27:24,2015-06-06 05:43:03,1,5.63,-73.8714828491,40.7739372253,1,N,-73.9142684937,40.7235794067,2,18.0,0.5
91,1,2015-06-06 05:27:25,2015-06-06 05:36:40,1,3.5,-73.9972991943,40.7144165039,1,N,-73.9705276489,40.672328949,2,12.0,0.5
92,1,2015-06-06 05:27:25,2015-06-06 05:36:49,1,1.7,-73.9920654297,40.7379684448,1,N,-73.9837265015,40.7488937378,1,8.5,0.5
93,2,2015-06-06 05:27:25,2015-06-06 05:39:55,1,1.84,-73.9839477539,40.7376708984,1,N,-73.9907913208,40.7563896179,1,9.5,0.5
94,2,2015-06-06 05:27:28,2015-06-06 05:39:46,2,3.3,-73.9945373535,40.7123718262,1,N,-73.9531784058,40.7221794128,1,12.5,0.5
95,1,2015-06-06 05:27:28,2015-06-06 05:49:08,1,7.5,-73.9870605469,40.7330513,1,N,-73.9557266235,40.8186683655,1,24.5,0.5
96,1,2015-06-06 05:27:29,2015-06-06 05:27:29,1,0.0,-73.9882049561,40.7488746643,1,N,0.0,0.0,2,3.0,0.5
97,1,2015-06-06 05:27:29,2015-06-06 05:30:39,1,1.1,-73.9875869751,40.7501602173,1,N,-73.9766082764,40.7652206421,2,5.5,0.5
98,2,2015-06-06 05:27:30,2015-06-06 05:54:07,6,9.46,-74.0054855347,40.7409820557,1,N,-73.9779205322,40.7536811829,2,28.5,0.5
99,1,2015-06-06 05:27:32,2015-06-06 05:41:32,1,2.9,-73.9898681641,40.696144104,1,N,-74.0035705566,40.6763687134,2,12.5,0.5
100,1,2015-06-06 05:27:34,2015-06-06 05:34:40,1,1.6,-73.973777771,40.7643966675,1,N,-73.9908752441,40.7501335144,1,8.0,0.5
101,1,2015-06-06 05:27:34,2015-06-06 05:31:04,1,0.4,-73.9455947876,40.7820167542,1,N,-73.9507293701,40.7858924866,1,4.5,0.5
102,2,2015-06-06 05:27:35,2015-06-06 05:37:42,5,2.08,-73.9422836304,40.7976531982,1,N,-73.9682769775,40.7999267578,2,10.0,0.5
103,1,2015-06-06 05:27:36,2015-06-06 05:32:57,2,1.1,-73.9747161865,40.7420768738,1,N,-73.9907302856,40.751159668,2,6.0,0.5
104,1,2015-06-06 05:27:36,2015-06-06 05:43:11,1,4.0,-73.9170608521,40.7431983948,1,N,-73.9778442383,40.7525978088,1,15.5,0.5
105,2,2015-06-06 05:27:37,2015-06-06 05:33:33,1,1.19,-73.9878540039,40.7573165894,1,N,-74.002746582,40.7561759949,2,6.5,0.5
106,1,2015-06-06 05:27:37,2015-06-06 05:35:45,1,2.7,-73.9940567017,40.7200660706,1,N,-73.9919662476,40.7494926453,1,9.5,0.5
107,2,2015-06-06 05:27:37,2015-06-06 05:45:27,2,4.66,-73.9821243286,40.727897644,1,N,-73.9512176514,40.7828216553,2,15.5,0.5
108,2,2015-06-06 05:27:38,2015-06-06 05:49:07,1,12.34,-74.0077209473,40.7049217224,1,N,-73.861831665,40.7683601379,1,34.5,0.5
109,2,2015-06-06 05:27:41,2015-06-06 05:56:15,6,5.59,-74.0046081543,40.7213134766,1,N,-73.9239349365,40.695930481,1,22.5,0.5
110,1,2015-06-06 05:27:41,2015-06-06 05:31:48,1,0.6,-73.9936447144,40.7519111633,1,N,-74.0018463135,40.7557373047,2,5.0,0.5
111,2,2015-06-06 05:27:41,2015-06-06 05:39:47,1,3.71,-74.008430481,40.7049484253,1,N,-73.991317749,40.7502632141,2,12.5,0.5
112,2,2015-06-06 05:27:41,2015-06-06 05:36:09,4,3.22,-73.9610519409,40.7608604431,1,N,-73.9791183472,40.7311058044,1,11.5,0.5
113,2,2015-06-06 05:27:42,2015-06-06 05:30:57,2,0.88,-73.9413452148,40.7878723145,1,N,-73.9507675171,40.7859611511,2,5.0,0.5
114,1,2015-06-06 05:27:44,2015-06-06 05:40:53,2,1.9,-73.9072341919,40.7453804016,1,N,-73.8755874634,40.744556427,2,10.5,0.5
115,2,2015-06-06 05:27:45,2015-06-06 05:39:41,1,4.23,-73.9480361938,40.7840652466,1,N,-73.9932556152,40.750995636,1,14.0,0.5
116,2,2015-06-06 05:27:46,2015-06-06 05:46:35,1,5.1,-73.8909988403,40.7468605042,1,N,-73.9730072021,40.7489089966,2,17.5,0.5
117,1,2015-06-06 05:27:46,2015-06-06 05:34:11,1,2.1,-73.9848175049,40.7429351807,1,N,-73.9892578125,40.7644271851,2,8.0,0.5
118,2,2015-06-06 05:27:47,2015-06-06 05:33:12,1,2.12,-73.9488372803,40.7774276733,1,N,-73.933883667,40.8029251099,2,8.0,0.5
119,1,2015-06-06 05:27:47,2015-06-06 06:03:03,4,17.3,-73.9952316284,40.752784729,2,N,-73.7820739746,40.6443099976,1,52.0,0.0
120,1,2015-06-06 05:27:48,2015-06-06 05:39:30,1,4.0,-73.9715423584,40.7924842834,1,N,-74.0040969849,40.7567481995,1,14.5,0.5
121,2,2015-06-06 05:27:48,2015-06-06 05:36:59,1,3.58,-74.0163879395,40.706451416,1,N,-73.9945297241,40.7459716797,1,12.0,0.5
122,1,2015-06-06 05:27:49,2015-06-06 05:31:52,1,1.0,-73.976020813,40.7514228821,1,N,-73.9749145508,40.7417068481,2,5.5,0.5
123,2,2015-06-06 05:27:49,2015-06-06 05:32:21,1,1.67,-73.993598938,40.7620811462,1,N,-74.0018234253,40.7427215576,1,7.0,0.5
124,2,2015-06-06 05:27:50,2015-06-06 05:32:58,2,1.81,-73.9802627563,40.7427368164,1,N,-73.9874420166,40.760307312,2,7.0,0.5
125,1,2015-06-06 05:27:51,2015-06-06 05:30:23,1,1.0,-73.9886016846,40.7494544983,1,N,-73.9788742065,40.761592865,2,5.0,0.5
126,1,2015-06-06 05:27:52,2015-06-06 05:31:03,1,0.6,-73.9888763428,40.7687263489,1,N,-73.9880447388,40.7629089355,1,4.5,0.5
127,1,2015-06-06 05:27:53,2015-06-06 05:35:58,1,1.3,-73.9833908081,40.7236747742,1,N,-73.9988479614,40.7341575623,1,7.5,0.5
128,2,2015-06-06 05:27:53,2015-06-06 05:33:40,2,1.54,-73.9883270264,40.7486610413,1,N,-73.9799041748,40.7614631653,2,7.0,0.5
129,1,2015-06-06 05:27:54,2015-06-06 05:31:42,1,1.1,-74.0015869141,40.7408256531,1,N,-73.9902420044,40.7481231689,2,5.5,0.5
130,2,2015-06-06 05:27:54,2015-06-06 05:40:04,5,4.86,-73.986579895,40.7295608521,1,N,-73.9468994141,40.7867012024,2,15.0,0.5
131,1,2015-06-06 05:27:55,2015-06-06 05:43:56,1,8.1,-73.9913024902,40.727596283,1,N,-73.940826416,40.8057365417,2,23.5,0.5
132,1,2015-06-06 05:27:55,2015-06-06 05:31:41,1,1.2,-73.9801940918,40.7653808594,1,N,-73.9914398193,40.7499732971,2,5.5,0.5
133,1,2015-06-06 05:27:56,2015-06-06 05:29:30,1,0.4,-74.0037155151,40.7401351929,1,N,-73.9973983765,40.7375068665,4,3.5,0.5
134,1,2015-06-06 05:27:57,2015-06-06 05:33:00,2,0.8,-73.9988632202,40.7511177063,1,N,-73.9819412231,40.7391929626,2,5.5,0.5
135,1,2015-06-06 05:28:01,2015-06-06 05:49:47,1,10.1,-73.9604263306,40.6984634399,1,N,-73.9296340942,40.8006095886,1,29.5,0.5
136,1,2015-06-06 05:28:04,2015-06-06 05:31:06,1,0.8,-73.9907913208,40.7506599426,1,N,-73.9892730713,40.7421531677,2,4.5,0.5
137,1,2015-06-06 05:28:05,2015-06-06 05:33:57,1,1.2,-73.9875106812,40.7603569031,1,N,-73.9773025513,40.7521820068,3,6.5,0.5
138,2,2015-06-06 05:28:06,2015-06-06 05:53:06,1,6.62,-73.9838638306,40.7435531616,1,N,-73.9075317383,40.7760047913,1,23.0,0.5
139,1,2015-06-06 05:28:07,2015-06-06 05:51:12,1,15.0,-73.7767410278,40.6454315186,1,N,-73.9163818359,40.7650222778,1,40.5,0.5
140,1,2015-06-06 05:28:10,2015-06-06 05:44:56,1,8.6,-73.9833145142,40.7656211853,1,N,-73.9180145264,40.8493461609,2,25.0,0.5
141,1,2015-06-06 05:28:10,2015-06-06 05:41:07,1,2.3,-73.9557266235,40.6575012207,1,N,-73.9218444824,40.6520462036,1,11.0,0.5
142,2,2015-06-06 05:28:11,2015-06-06 05:30:58,1,0.79,-73.959777832,40.7708282471,1,N,-73.9525756836,40.7798156738,1,4.5,0.5
143,2,2015-06-06 05:28:12,2015-06-06 05:38:17,1,4.24,-73.9823989868,40.7313499451,1,N,-73.9455490112,40.7860984802,2,13.0,0.5
144,1,2015-06-06 05:28:12,2015-06-06 05:50:41,2,7.9,-74.0012817383,40.7311592102,1,N,-73.9552459717,40.8233985901,1,25.5,0.5
145,1,2015-06-06 05:28:12,2015-06-06 05:43:34,1,5.4,-74.0054092407,40.7364387512,1,N,-73.9545059204,40.6873054504,1,17.5,0.5
146,2,2015-06-06 05:28:13,2015-06-06 05:48:33,1,4.84,-74.0039367676,40.7419395447,1,N,-73.9556121826,40.7444114685,2,18.0,0.5
147,2,2015-06-06 05:28:17,2015-06-06 05:42:34,3,4.08,-73.9821014404,40.7688865662,1,N,-73.9423065186,40.798866272,2,14.5,0.5
148,1,2015-06-06 05:28:19,2015-06-06 05:46:57,1,9.6,-73.9608154297,40.7111587524,1,N,-74.0235977173,40.6200866699,1,28.0,0.5
149,1,2015-06-06 05:28:19,2015-06-06 05:32:15,1,0.8,-73.992477417,40.7253074646,1,N,-73.9961853027,40.7323684692,2,5.0,0.5
150,1,2015-06-06 05:28:23,2015-06-06 05:33:49,1,1.8,-73.9890823364,40.7482376099,1,N,-73.9835739136,40.7694282532,2,7.5,0.5
151,1,2015-06-06 05:28:24,2015-06-06 05:35:44,1,2.0,-73.9867019653,40.7474975586,1,N,-73.9942779541,40.7244110107,1,8.5,0.5
152,2,2015-06-06 05:28:25,2015-06-06 06:03:03,5,18.2,-74.002494812,40.7397651672,2,N,-73.7830657959,40.6439552307,2,52.0,0.0
153,1,2015-06-06 05:28:26,2015-06-06 05:39:47,1,3.4,-73.9786300659,40.6839523315,1,N,-73.9566345215,40.6403694153,1,12.0,0.5
154,2,2015-06-06 05:28:26,2015-06-06 05:54:48,5,10.22,-73.9946746826,40.7642707825,1,N,-73.9946746826,40.7642707825,2,31.0,0.5
155,1,2015-06-06 05:28:26,2015-06-06 05:33:45,1,1.3,-73.9824142456,40.7315368652,1,N,-73.9848403931,40.7452659607,2,6.5,0.5
156,1,2015-06-06 05:28:28,2015-06-06 05:52:58,1,9.3,-74.0000534058,40.7387542725,1,N,-73.9635238647,40.644493103,1,29.0,0.5
157,1,2015-06-06 05:28:29,2015-06-06 05:38:08,1,1.9,-74.0065612793,40.743560791,1,N,-73.9951248169,40.7262382507,2,9.5,0.5
158,2,2015-06-06 05:28:30,2015-06-06 05:41:59,1,3.34,-73.9801864624,40.7854194641,1,N,-73.9666595459,40.7549209595,1,12.5,0.5
159,2,2015-06-06 05:28:30,2015-06-06 05:38:52,1,4.23,-74.0066452026,40.7442321777,1,N,-73.9677505493,40.7977790833,2,13.0,0.5
160,2,2015-06-06 05:28:30,2015-06-06 05:37:52,5,3.28,-73.9227142334,40.7607421875,1,N,-73.9656143188,40.7575454712,2,11.5,0.5
161,1,2015-06-06 05:28:31,2015-06-06 06:04:26,1,20.8,-73.9703369141,40.7890510559,2,N,-73.7763595581,40.6454200745,1,52.0,0.0
162,1,2015-06-06 05:28:32,2015-06-06 05:44:21,1,7.5,-74.0040283203,40.747833252,1,N,-73.9388885498,40.8223609924,1,22.5,0.5
163,1,2015-06-06 05:28:33,2015-06-06 05:51:28,1,6.7,-73.9898452759,40.7571601868,1,N,-73.9802627563,40.6786766052,1,23.0,0.5
164,1,2015-06-06 05:28:33,2015-06-06 06:01:32,2,8.0,-73.9932556152,40.7520713806,1,N,-73.9157943726,40.702205658,2,28.0,0.5
165,1,2015-06-06 05:28:33,2015-06-06 05:32:07,1,1.4,-73.9383087158,40.796421051,1,N,-73.953453064,40.7793006897,2,6.0,0.5
166,1,2015-06-06 05:28:34,2015-06-06 05:35:28,1,1.6,-73.950630188,40.705745697,1,N,-73.9270629883,40.6930923462,1,7.0,0.5
167,2,2015-06-06 05:28:34,2015-06-06 05:46:53,1,3.99,-73.9618453979,40.795589447,1,N,-74.0027160645,40.756187439,1,17.0,0.5
168,2,2015-06-06 05:28:35,2015-06-06 05:40:02,1,3.7,-73.9843902588,40.7289237976,1,N,-73.9902877808,40.7671813965,2,12.5,0.5
169,1,2015-06-06 05:28:35,2015-06-06 05:38:50,1,3.4,-73.9417800903,40.7916183472,1,N,-73.9762573242,40.7513084412,1,12.0,0.5
170,1,2015-06-06 05:28:36,2015-06-06 05:40:27,1,4.5,-74.0158233643,40.7151031494,1,N,-73.9942016602,40.7663269043,1,14.0,0.5
171,1,2015-06-06 05:28:36,2015-06-06 06:01:34,1,18.1,-73.988609314,40.7257843018,2,N,-73.7763748169,40.6451339722,1,52.0,0.0
172,2,2015-06-06 05:28:36,2015-06-06 06:04:53,1,22.02,-74.013961792,40.707988739,2,N,-73.789932251,40.6470069885,2,52.0,0.0
173,2,2015-06-06 05:28:37,2015-06-06 05:46:41,1,8.96,-73.952911377,40.7720603943,1,N,-73.8619766235,40.7687301636,2,26.5,0.5
174,2,2015-06-06 05:28:38,2015-06-06 05:36:12,1,1.43,-73.9988479614,40.7142791748,1,N,-73.9877929688,40.7285690308,1,7.5,0.5
175,2,2015-06-06 05:28:38,2015-06-06 05:37:18,4,2.3,-73.9937438965,40.7180900574,1,N,-73.9911193848,40.6997909546,1,9.5,0.5
176,2,2015-06-06 05:28:39,2015-06-06 05:40:43,2,1.07,-73.8931427002,40.7465858459,1,N,-73.8917007446,40.7469291687,2,8.0,0.5
177,2,2015-06-06 05:28:39,2015-06-06 05:55:07,3,6.65,-73.9862823486,40.7471809387,1,N,-73.885017395,40.7430801392,1,23.5,0.5
178,2,2015-06-06 05:28:40,2015-06-06 05:57:02,1,5.72,-74.0099029541,40.7112617493,1,N,-73.9395217896,40.6927871704,2,22.5,0.5
179,1,2015-06-06 05:28:43,2015-06-06 05:36:09,1,2.6,-73.9418258667,40.7915916443,1,N,-73.9654464722,40.7589225769,2,9.5,0.5
180,1,2015-06-06 05:28:43,2015-06-06 05:41:08,3,2.4,-74.0013504028,40.7465400696,1,N,-73.974395752,40.7260093689,1,11.0,0.5
181,2,2015-06-06 05:28:44,2015-06-06 05:38:46,2,3.34,-73.9518508911,40.7771987915,1,N,-73.9826583862,40.7393798828,2,11.5,0.5
182,2,2015-06-06 05:28:44,2015-06-06 05:57:26,1,9.79,-73.9506072998,40.7751045227,1,N,-73.9183349609,40.6968727112,1,30.5,0.5
183,2,2015-06-06 05:28:46,2015-06-06 05:54:54,6,10.9,-73.9827880859,40.7555503845,1,N,-73.8717498779,40.7744407654,2,32.5,0.5
184,1,2015-06-06 05:28:48,2015-06-06 05:35:21,2,2.3,-73.9872131348,40.7478408813,1,N,-73.9648208618,40.7739753723,1,8.5,0.5
185,1,2015-06-06 05:28:48,2015-06-06 05:51:24,4,6.3,-73.9870605469,40.7474861145,1,N,-73.8962860107,40.7506065369,2,22.0,0.5
186,2,2015-06-06 05:28:49,2015-06-06 05:34:33,1,2.0,-73.9732818604,40.7639160156,1,N,-73.9978027344,40.7541694641,2,7.5,0.5
187,2,2015-06-06 05:28:49,2015-06-06 05:34:55,1,1.45,-73.9316329956,40.765171051,1,N,-73.9104690552,40.7687301636,1,7.0,0.5
188,1,2015-06-06 05:28:50,2015-06-06 05:32:08,1,0.5,-73.9914932251,40.744972229,1,N,-73.9864425659,40.7468605042,1,4.5,0.5
189,2,2015-06-06 05:28:54,2015-06-06 05:32:31,1,0.78,-73.9781036377,40.7153968811,1,N,-73.9782028198,40.729183197,2,5.0,0.5
190,2,2015-06-06 05:28:55,2015-06-06 05:57:36,2,17.85,-73.7769165039,40.6450195312,2,N,-73.9876937866,40.7471504211,1,52.0,0.0
191,2,2015-06-06 05:28:56,2015-06-06 05:43:00,6,5.66,-73.9501419067,40.7800369263,1,N,-73.9843444824,40.720199585,1,18.5,0.5
192,2,2015-06-06 05:28:57,2015-06-06 05:39:53,1,2.71,-73.9530105591,40.7860145569,1,N,-73.9633865356,40.7551078796,2,11.0,0.5
193,2,2015-06-06 05:28:57,2015-06-06 05:49:40,2,9.5,-73.9413223267,40.8390617371,1,N,-74.0055084229,40.7266464233,1,28.0,0.5
194,2,2015-06-06 05:28:59,2015-06-06 05:32:03,5,0.63,-73.9032211304,40.745349884,1,N,-73.8909683228,40.7467803955,2,4.5,0.5
195,2,2015-06-06 05:28:59,2015-06-06 05:34:43,5,3.67,-73.9764175415,40.7395210266,1,N,-74.0004272461,40.7096481323,2,11.5,0.5
196,2,2015-06-06 05:29:00,2015-06-06 05:39:18,1,4.09,-73.9877929688,40.7241744995,1,N,-73.9541549683,40.7747459412,1,13.0,0.5
197,1,2015-06-06 05:29:00,2015-06-06 06:08:13,1,15.8,-73.9255218506,40.8325233459,1,N,-73.8482666016,40.6872177124,2,50.0,0.5
198,1,2015-06-06 05:29:01,2015-06-06 05:30:36,1,0.6,-73.9936447144,40.7622413635,1,N,-73.9867782593,40.7675476074,2,4.0,0.5
199,2,2015-06-06 05:29:01,2015-06-06 05:43:54,1,4.02,-73.9179229736,40.7433052063,1,N,-73.9748535156,40.7617034912,1,15.0,0.5
200,2,2015-06-06 05:29:02,2015-06-06 05:53:22,3,14.58,-73.912902832,40.7561607361,1,N,-73.7839202881,40.643497467,1,39.0,0.5
201,1,2015-06-06 05:29:02,2015-06-06 05:51:09,1,16.0,-74.0043029785,40.7312507629,3,N,-74.1771774292,40.6948432922,1,60.0,0.5
202,1,2015-06-06 05:29:02,2015-06-06 05:38:05,3,1.8,-73.9886550903,40.7509918213,1,N,-74.005027771,40.7410850525,2,8.5,0.5
203,2,2015-06-06 05:29:03,2015-06-06 05:36:06,2,1.64,-73.9702606201,40.7519187927,1,N,-73.9941711426,40.7459449768,2,7.5,0.5
204,2,2015-06-06 05:29:03,2015-06-06 05:38:11,1,2.28,-73.9914474487,40.6913604736,1,N,-73.9552307129,40.6782798767,1,9.5,0.5
205,2,2015-06-06 05:29:03,2015-06-06 05:34:26,1,1.02,-73.978553772,40.7658996582,1,N,-73.9959564209,40.7687301636,2,6.0,0.5
206,2,2015-06-06 05:29:04,2015-06-06 05:48:57,3,6.69,-73.9877471924,40.7382583618,1,N,-73.9526901245,40.8181610107,1,20.5,0.5
207,1,2015-06-06 05:29:05,2015-06-06 05:42:07,1,3.1,-73.9860992432,40.7180099487,1,N,-73.9946594238,40.7503700256,1,12.5,0.5
208,2,2015-06-06 05:29:05,2015-06-06 05:45:05,2,5.59,-73.998298645,40.74036026,1,N,-73.940826416,40.7928199768,1,17.5,0.5
209,1,2015-06-06 05:29:06,2015-06-06 05:33:15,1,1.1,-73.9855575562,40.7631378174,1,N,-73.9911727905,40.7499542236,2,5.5,0.5
210,2,2015-06-06 05:29:09,2015-06-06 05:33:09,6,1.04,-73.9777297974,40.7646255493,1,N,-73.9734802246,40.7550201416,2,5.5,0.5
211,2,2015-06-06 05:29:09,2015-06-06 05:40:48,6,1.96,-74.0059432983,40.7400169373,1,N,-73.9928588867,40.7560310364,2,10.0,0.5
212,1,2015-06-06 05:29:13,2015-06-06 05:37:47,1,2.5,-73.9891357422,40.7578964233,1,N,-73.9568557739,40.7666893005,2,10.0,0.5
213,2,2015-06-06 05:29:13,2015-06-06 05:34:21,4,0.99,-73.9895401001,40.719039917,1,N,-73.993637085,40.7138290405,1,6.0,0.5
214,2,2015-06-06 05:29:13,2015-06-06 05:43:22,5,9.16,-73.9825668335,40.7394294739,1,N,-73.872718811,40.7742996216,1,25.5,0.5
215,1,2015-06-06 05:29:16,2015-06-06 05:45:03,1,3.0,-74.0037155151,40.740398407,1,N,-73.9764938354,40.7514343262,2,13.5,0.5
216,2,2015-06-06 05:29:18,2015-06-06 05:31:49,1,0.79,-73.9883346558,40.7487411499,1,N,-73.99193573,40.7579879761,2,4.5,0.5
217,2,2015-06-06 05:29:18,2015-06-06 05:42:15,2,3.72,-73.9883575439,40.721736908,1,N,-73.9766769409,40.6805419922,2,13.5,0.5
218,1,2015-06-06 05:29:19,2015-06-06 05:36:09,1,1.6,-73.9929122925,40.7226524353,1,N,-73.9868087769,40.7425079346,2,7.5,0.5
219,1,2015-06-06 05:29:20,2015-06-06 05:46:47,1,7.5,-73.98777771,40.7196502686,1,N,-73.8728942871,40.7412338257,2,23.0,0.5
220,1,2015-06-06 05:29:20,2015-06-06 05:40:00,1,3.6,-73.9604568481,40.7615890503,1,N,-73.9932785034,40.7407417297,1,12.5,0.5
221,2,2015-06-06 05:29:21,2015-06-06 05:30:18,1,0.35,-73.9940338135,40.7523803711,1,N,-73.9982376099,40.7559013367,2,3.0,0.5
222,1,2015-06-06 05:29:21,2015-06-06 06:00:56,1,16.7,-73.9764556885,40.7651863098,2,N,-73.7766494751,40.6451683044,1,52.0,0.0
223,2,2015-06-06 05:29:23,2015-06-06 05:45:25,1,4.85,-73.9848022461,40.7450904846,1,N,-73.9162902832,40.7577285767,1,17.5,0.5
224,1,2015-06-06 05:29:23,2015-06-06 05:36:13,1,2.8,-73.9912490845,40.7502593994,1,N,-74.0110778809,40.7133750916,1,9.5,0.5
225,2,2015-06-06 05:29:23,2015-06-06 05:34:51,1,1.1,-73.974609375,40.7563362122,1,N,-73.9879302979,40.7594032288,2,6.0,0.5
226,1,2015-06-06 05:29:23,2015-06-06 05:33:43,1,0.8,-74.0025482178,40.7500076294,1,N,-74.0056686401,40.7456092834,1,5.5,0.5
227,1,2015-06-06 05:29:24,2015-06-06 05:47:40,2,5.0,-73.9883270264,40.7490119934,1,N,-73.9450836182,40.7992706299,1,17.5,0.5
228,1,2015-06-06 05:29:24,2015-06-06 05:36:13,2,1.7,-73.9551696777,40.7799911499,1,N,-73.9723129272,40.7932853699,1,7.5,0.5
229,1,2015-06-06 05:29:25,2015-06-06 05:46:51,1,5.0,-73.9947891235,40.7603149414,1,N,-73.9335021973,40.766254425,1,17.5,0.5
230,1,2015-06-06 05:29:26,2015-06-06 05:42:55,1,5.7,-73.9684753418,40.7991218567,1,N,-73.9261398315,40.8637237549,2,18.0,0.5
231,1,2015-06-06 05:29:26,2015-06-06 05:32:03,1,0.6,-73.979347229,40.7524909973,1,N,-73.9728546143,40.7563285828,2,4.0,0.5
232,1,2015-06-06 05:29:27,2015-06-06 05:38:36,2,3.0,-73.9461212158,40.789516449,1,N,-73.9392547607,40.8217964172,2,11.0,0.5
233,1,2015-06-06 05:29:27,2015-06-06 05:32:21,1,0.8,-73.9998855591,40.7383232117,1,N,-74.0096054077,40.7305679321,1,4.5,0.5
234,2,2015-06-06 05:29:27,2015-06-06 06:07:28,1,21.14,-73.7767868042,40.6458206177,1,N,-73.9884414673,40.665184021,1,58.0,0.5
235,2,2015-06-06 05:29:28,2015-06-06 06:02:58,1,19.12,-74.0007781982,40.7296714783,5,N,-74.1771469116,40.6950111389,1,80.0,0.0
236,1,2015-06-06 05:29:30,2015-06-06 05:40:03,1,2.1,-73.9911956787,40.7498970032,1,N,-73.9684448242,40.7506904602,2,10.0,0.5
237,2,2015-06-06 05:29:32,2015-06-06 05:36:13,6,1.41,-73.9819793701,40.7735900879,1,N,-73.9943084717,40.7560195923,1,7.5,0.5
238,1,2015-06-06 05:29:33,2015-06-06 05:35:40,1,1.8,-73.9650878906,40.6956863403,1,N,-73.9629592896,40.7135467529,1,7.5,0.5
239,1,2015-06-06 05:29:33,2015-06-06 05:49:25,1,10.0,-74.0009002686,40.7317771912,1,N,-73.9362182617,40.847858429,2,29.0,0.5
240,1,2015-06-06 05:29:34,2015-06-06 05:36:26,1,0.8,-73.9924087524,40.7565917969,1,N,-73.9778442383,40.7519340515,1,6.5,0.5
241,1,2015-06-06 05:29:37,2015-06-06 05:34:57,1,0.8,-74.0048675537,40.740852356,1,N,-73.9991226196,40.734046936,1,5.5,0.5
242,1,2015-06-06 05:29:37,2015-06-06 05:51:28,1,9.3,-73.9995727539,40.7335472107,1,N,-73.9449996948,40.8208198547,2,28.5,0.5
243,2,2015-06-06 05:29:40,2015-06-06 05:33:46,1,0.58,-73.9634933472,40.7675514221,1,N,-73.9552764893,40.7648468018,2,5.0,0.5
244,1,2015-06-06 05:29:41,2015-06-06 05:49:10,1,4.7,-73.9875030518,40.7605018616,1,N,-73.9175338745,40.7566947937,2,18.0,0.5
245,2,2015-06-06 05:29:42,2015-06-06 05:48:14,1,5.85,-73.9949874878,40.7398834229,1,N,-73.9533081055,40.6852111816,2,20.0,0.5
246,1,2015-06-06 05:29:43,2015-06-06 05:41:15,1,1.8,-73.9901733398,40.7562332153,1,N,-73.9804229736,40.7444190979,1,9.5,0.5
247,1,2015-06-06 05:29:44,2015-06-06 05:45:44,1,3.7,-73.9715499878,40.7542190552,1,N,-73.9168930054,40.7579078674,1,14.5,0.5
248,2,2015-06-06 05:29:44,2015-06-06 05:36:53,1,3.27,-73.9440307617,40.7797966003,1,N,-73.9768981934,40.7530212402,1,11.0,0.5
249,1,2015-06-06 05:29:46,2015-06-06 05:32:46,1,0.7,-73.9953765869,40.7510185242,1,N,-74.0043487549,40.7526931763,2,4.5,0.5
250,2,2015-06-06 05:29:49,2015-06-06 05:54:11,1,9.29,-73.9885864258,40.7481918335,1,N,-73.8621292114,40.7354393005,1,28.5,0.5
251,2,2015-06-06 05:29:50,2015-06-06 05:49:38,1,9.28,-73.9830627441,40.6982192993,1,N,-74.0024108887,40.6041603088,1,27.0,0.5
252,1,2015-06-06 05:29:51,2015-06-06 05:41:37,2,3.3,-73.9849777222,40.7476959229,1,N,-73.949798584,40.7760009766,2,12.0,0.5
253,1,2015-06-06 05:29:52,2015-06-06 05:40:09,1,2.0,-74.0036697388,40.7430114746,1,N,-73.9797439575,40.7271080017,1,9.5,0.5
254,2,2015-06-06 05:29:53,2015-06-06 05:35:02,6,1.82,-73.9705047607,40.7582435608,1,N,-73.9530029297,40.7761688232,2,7.5,0.5
255,1,2015-06-06 05:29:54,2015-06-06 05:45:41,1,7.7,-73.9995422363,40.7386169434,1,N,-73.9502716064,40.8269538879,1,22.5,0.5
256,1,2015-06-06 05:29:54,2015-06-06 05:58:06,1,13.1,-73.9934005737,40.72448349,1,N,-73.9145431519,40.8845863342,2,38.0,0.5
257,1,2015-06-06 05:29:55,2015-06-06 05:32:13,4,0.4,-73.9821243286,40.7619361877,1,N,-73.9850769043,40.757522583,2,3.5,0.5
258,2,2015-06-06 05:29:56,2015-06-06 05:46:52,1,4.13,-73.9063568115,40.7453384399,1,N,-73.9757232666,40.7656021118,2,16.0,0.5
259,1,2015-06-06 05:29:57,2015-06-06 06:00:11,1,16.9,-73.9696426392,40.7550697327,2,N,-73.7826385498,40.6488494873,1,52.0,0.0
260,1,2015-06-06 05:29:58,2015-06-06 05:51:16,1,5.4,-73.979347229,40.7427787781,1,N,-73.9352111816,40.6969184875,1,19.5,0.5
261,1,2015-06-06 05:29:59,2015-06-06 06:03:05,1,17.1,-73.9510803223,40.7875785828,1,N,-73.9606933594,40.6058311462,1,46.0,0.5
262,2,2015-06-06 05:30:00,2015-06-06 05:42:47,1,6.17,-73.9853439331,40.7684135437,1,N,-73.9443664551,40.8368377686,2,19.0,0.5
263,2,2015-06-06 05:30:00,2015-06-06 05:36:19,1,1.26,-73.9452056885,40.8077087402,1,N,-73.9485092163,40.7948455811,1,7.0,0.5
264,1,2015-06-06 05:30:01,2015-06-06 05:37:47,3,2.6,-74.0015182495,40.7277755737,1,N,-73.9792098999,40.7612876892,1,9.5,0.5
265,2,2015-06-06 05:30:02,2015-06-06 05:36:00,5,1.23,-73.9950866699,40.7603416443,1,N,-73.9779281616,40.7521629333,2,6.5,0.5
266,1,2015-06-06 05:30:03,2015-06-06 05:35:25,1,1.6,-73.9884262085,40.7691993713,1,N,-73.9914779663,40.7515411377,2,7.0,0.5
267,1,2015-06-06 05:30:03,2015-06-06 05:47:26,1,4.4,-73.989906311,40.7256469727,1,N,-73.9443435669,40.685256958,2,17.0,0.5
268,1,2015-06-06 05:30:03,2015-06-06 05:34:20,1,1.2,-73.9884872437,40.7481040955,1,N,-73.9996566772,40.7426490784,1,6.0,0.5
269,1,2015-06-06 05:30:03,2015-06-06 05:32:51,1,0.6,-74.0020523071,40.7194747925,1,N,-74.0096054077,40.7200202942,2,4.0,0.5
270,1,2015-06-06 05:30:06,2015-06-06 05:43:31,1,3.9,-73.9574050903,40.7182998657,1,N,-73.943107605,40.6730651855,1,13.0,0.5
271,1,2015-06-06 05:30:07,2015-06-06 05:40:29,1,3.0,-73.9886856079,40.7193107605,1,N,-73.9700546265,40.6961708069,2,11.5,0.5
272,2,2015-06-06 05:30:09,2015-06-06 05:41:11,1,2.53,-73.9393310547,40.8263816833,1,N,-73.9383239746,40.8031921387,1,11.0,0.5
273,1,2015-06-06 05:30:09,2015-06-06 05:51:44,1,7.2,-74.0008544922,40.7317581177,1,N,-73.8968887329,40.7562522888,1,22.5,0.5
274,2,2015-06-06 05:30:11,2015-06-06 06:01:12,5,12.27,-73.950553894,40.7794303894,1,N,-73.824798584,40.8386802673,1,37.0,0.5
275,1,2015-06-06 05:30:12,2015-06-06 05:49:21,2,5.5,-73.9897537231,40.7262306213,1,N,-73.9259185791,40.7031784058,2,19.0,0.5
276,1,2015-06-06 05:30:12,2015-06-06 05:34:36,1,1.1,-73.9939956665,40.7616348267,1,N,-73.9856872559,40.7646484375,1,5.5,0.5
277,2,2015-06-06 05:30:14,2015-06-06 05:35:08,6,0.58,-73.9876174927,40.7654533386,1,N,-73.9846191406,40.7629890442,1,5.5,0.5
278,1,2015-06-06 05:30:18,2015-06-06 06:28:30,2,19.5,-73.9553146362,40.6899261475,1,N,-73.8760681152,40.8732223511,1,60.0,0.5
279,1,2015-06-06 05:30:19,2015-06-06 05:39:36,1,2.0,-73.9792633057,40.7441635132,1,N,-73.9887390137,40.7625770569,2,9.0,0.5
280,2,2015-06-06 05:30:19,2015-06-06 05:32:24,6,0.87,0.0,0.0,1,N,0.0,0.0,2,4.5,0.5
281,1,2015-06-06 05:30:20,2015-06-06 05:41:23,2,2.2,-74.0062408447,40.7227935791,1,N,-73.9871292114,40.7393836975,1,10.0,0.5
282,2,2015-06-06 05:30:21,2015-06-06 05:37:58,1,2.05,-73.9881515503,40.7188415527,1,N,-73.9995269775,40.7385482788,1,8.5,0.5
283,1,2015-06-06 05:30:21,2015-06-06 05:36:38,1,1.4,-73.9661026001,40.799823761,1,N,-73.9454650879,40.7992362976,2,7.0,0.5
284,1,2015-06-06 05:30:22,2015-06-06 05:48:59,1,7.6,-73.9853820801,40.7235450745,1,N,-73.9074401855,40.7388000488,2,23.5,0.5
285,2,2015-06-06 05:30:24,2015-06-06 05:35:06,1,0.99,-73.9895782471,40.75730896,1,N,-73.9847412109,40.7526702881,1,5.5,0.5
286,2,2015-06-06 05:30:25,2015-06-06 05:32:31,1,0.88,-73.9817733765,40.7782936096,1,N,-73.9745483398,40.7906684875,2,4.5,0.5
287,1,2015-06-06 05:30:25,2015-06-06 05:41:06,1,5.3,-73.9361953735,40.795009613,1,N,-73.887298584,40.7684822083,2,16.0,0.5
288,2,2015-06-06 05:30:26,2015-06-06 05:38:08,5,2.02,-73.9894104004,40.7262153625,1,N,-73.9871520996,40.7472457886,1,8.5,0.5
289,1,2015-06-06 05:30:28,2015-06-06 05:47:13,1,4.0,-73.9964828491,40.7623901367,1,N,-73.9745407104,40.7257614136,1,15.5,0.5
290,2,2015-06-06 05:30:28,2015-06-06 05:30:40,4,0.0,0.0,0.0,5,N,0.0,0.0,1,50.0,0.0
291,2,2015-06-06 05:30:29,2015-06-06 06:10:43,1,9.59,-73.9255142212,40.7617683411,1,N,-73.8616027832,40.7175483704,2,32.0,0.5
292,2,2015-06-06 05:30:30,2015-06-06 05:55:16,1,16.1,-73.9804763794,40.7428703308,2,N,-73.7820968628,40.6444015503,2,52.0,0.0
293,1,2015-06-06 05:30:30,2015-06-06 05:49:56,1,4.9,-73.9400177002,40.7086219788,1,N,-73.8834457397,40.6705360413,2,18.0,0.5
294,1,2015-06-06 05:30:32,2015-06-06 05:41:32,2,3.8,-73.9899139404,40.7569503784,1,N,-73.9630661011,40.8018264771,2,13.0,0.5
295,2,2015-06-06 05:30:35,2015-06-06 05:53:04,3,8.85,-73.9801483154,40.7303581238,1,N,-73.870010376,40.745803833,2,27.5,0.5
296,1,2015-06-06 05:30:35,2015-06-06 05:40:41,1,1.2,-73.9920349121,40.7516365051,1,N,-73.9752960205,40.7414283752,2,8.0,0.5
297,2,2015-06-06 05:30:35,2015-06-06 05:46:56,1,4.97,-73.9906005859,40.7558631897,1,N,-73.9369049072,40.8022384644,2,17.0,0.5
298,2,2015-06-06 05:30:37,2015-06-06 06:14:25,1,7.01,-73.8927230835,40.7472496033,1,N,-73.9206466675,40.7432937622,1,31.5,0.5
299,1,2015-06-06 05:30:38,2015-06-06 06:06:04,1,18.4,-73.9768753052,40.7638778687,2,N,-73.7828598022,40.64402771,2,52.0,0.0
300,2,2015-06-06 05:30:38,2015-06-06 05:42:15,1,4.9,-74.001953125,40.7506103516,1,N,-73.9548568726,40.8042068481,1,15.0,0.5
301,1,2015-06-06 05:30:40,2015-06-06 05:33:38,1,0.6,-73.9728164673,40.7637214661,1,N,-73.9816513062,40.7629699707,1,4.5,0.5
302,1,2015-06-06 05:30:40,2015-06-06 05:37:33,2,1.2,-73.9860992432,40.730846405,1,N,-73.9768371582,40.7270126343,1,7.0,0.5
303,2,2015-06-06 05:30:40,2015-06-06 06:00:23,1,16.58,-73.9749298096,40.7568206787,2,N,-73.7857589722,40.6453018188,1,52.0,0.0
304,1,2015-06-06 05:30:43,2015-06-06 05:31:24,1,3.5,-73.9762496948,40.7478637695,1,N,-73.9759368896,40.7481575012,4,2.5,0.5
305,1,2015-06-06 05:30:43,2015-06-06 05:36:05,1,1.4,-73.9690170288,40.757648468,1,N,-73.9558410645,40.7762298584,2,6.5,0.5
306,1,2015-06-06 05:30:44,2015-06-06 05:38:49,1,2.3,-73.9379806519,40.7492179871,1,N,-73.9010162354,40.7432174683,2,9.5,0.5
307,1,2015-06-06 05:30:44,2015-06-06 05:44:52,1,6.3,-73.9837646484,40.7552146912,1,N,-73.9292373657,40.8076896667,1,19.5,0.5
308,2,2015-06-06 05:30:45,2015-06-06 05:57:02,1,16.41,-73.983291626,40.7438545227,2,N,-73.7831344604,40.6439552307,2,52.0,0.0
309,1,2015-06-06 05:30:47,2015-06-06 05:46:59,1,8.5,-73.985710144,40.7527198792,1,N,-73.8728179932,40.7742576599,1,24.0,0.5
310,2,2015-06-06 05:30:49,2015-06-06 05:43:57,1,6.4,-73.9712677002,40.7627182007,1,N,-74.0101928711,40.7052001953,2,19.0,0.5
311,2,2015-06-06 05:30:49,2015-06-06 05:39:40,3,2.23,-73.992401123,40.7124862671,1,N,-73.982673645,40.7312774658,2,9.0,0.5
312,1,2015-06-06 05:30:50,2015-06-06 05:51:44,1,13.1,-73.993019104,40.7569084167,1,N,-73.8784790039,40.825668335,2,36.5,0.5
313,2,2015-06-06 05:30:51,2015-06-06 05:35:17,5,0.97,-73.9247283936,40.7683982849,1,N,-73.9310913086,40.7590103149,1,5.5,0.5
314,2,2015-06-06 05:30:51,2015-06-06 05:33:53,1,1.06,-73.9390945435,40.8021812439,1,N,-73.9524917603,40.7983436584,2,5.0,0.0
315,1,2015-06-06 05:30:51,2015-06-06 05:36:30,1,1.0,-73.9043579102,40.7536468506,1,N,-73.8904724121,40.7468414307,2,6.0,0.5
316,2,2015-06-06 05:30:52,2015-06-06 05:37:06,1,1.31,-73.9518432617,40.7862701416,1,N,-73.9714279175,40.7945785522,1,7.0,0.5
317,2,2015-06-06 05:30:53,2015-06-06 05:32:29,2,0.56,-73.9794692993,40.7232704163,1,N,-73.9775924683,40.7293281555,1,4.0,0.5
318,1,2015-06-06 05:30:55,2015-06-06 05:35:00,1,1.3,-73.9946517944,40.751159668,1,N,-73.9804534912,40.7607192993,2,6.0,0.5
319,1,2015-06-06 05:30:55,2015-06-06 05:40:12,1,3.4,-73.9976196289,40.7131729126,1,N,-73.9645309448,40.7193908691,1,12.0,0.5
320,2,2015-06-06 05:30:55,2015-06-06 06:02:05,5,21.25,-73.7794418335,40.6468200684,2,N,-74.0061721802,40.7060508728,1,52.0,0.0
321,2,2015-06-06 05:30:56,2015-06-06 05:39:51,1,2.85,-73.9677505493,40.7569999695,1,N,-73.95677948,40.7478103638,1,10.5,0.5
322,1,2015-06-06 05:30:56,2015-06-06 06:10:11,1,19.8,-73.9675216675,40.7928924561,1,N,-74.0346221924,40.6363601685,1,55.0,0.5
323,1,2015-06-06 05:30:57,2015-06-06 05:32:51,1,0.9,-73.9555358887,40.7883605957,1,N,-73.963432312,40.7768745422,2,4.5,0.5
324,1,2015-06-06 05:30:59,2015-06-06 05:42:02,1,3.5,-73.9777755737,40.671672821,1,N,-73.9987030029,40.6393089294,2,12.5,0.5
325,1,2015-06-06 05:30:59,2015-06-06 05:44:02,1,3.6,-73.9893112183,40.7579307556,1,N,-73.9553451538,40.8010101318,1,13.5,0.5
326,2,2015-06-06 05:30:59,2015-06-06 05:49:40,2,6.71,-74.0010070801,40.7290115356,1,N,-73.9301986694,40.7705116272,2,20.5,0.5
327,1,2015-06-06 05:30:59,2015-06-06 05:48:59,2,8.7,-73.9513626099,40.7699699402,1,N,-73.8618469238,40.7684593201,2,25.5,0.5
328,2,2015-06-06 05:31:01,2015-06-06 05:42:59,1,2.1,-73.9703674316,40.752204895,1,N,-73.9977645874,40.7562179565,1,10.0,0.5
329,2,2015-06-06 05:31:01,2015-06-06 05:54:56,2,11.0,-73.9854812622,40.7269592285,1,N,-73.8703231812,40.7736854553,1,31.5,0.5
330,1,2015-06-06 05:31:02,2015-06-06 05:37:58,1,1.4,-73.9928741455,40.7584877014,1,N,-73.9887771606,40.7446937561,1,7.0,0.5
331,1,2015-06-06 05:31:02,2015-06-06 05:52:25,2,6.4,-73.9932250977,40.7626571655,1,N,-73.961730957,40.7140617371,2,21.5,0.5
332,2,2015-06-06 05:31:03,2015-06-06 05:35:59,1,1.29,-73.9892044067,40.7578926086,1,N,-73.995475769,40.7440757751,1,6.5,0.5
333,1,2015-06-06 05:31:03,2015-06-06 05:33:49,1,0.3,-73.9519119263,40.7776451111,1,N,-73.9546051025,40.7799186707,2,4.0,0.5
334,1,2015-06-06 05:31:04,2015-06-06 05:43:07,1,1.5,-73.8299789429,40.7597045898,1,N,-73.8296966553,40.7562522888,2,9.5,0.5
335,1,2015-06-06 05:31:04,2015-06-06 06:14:01,2,23.3,-73.9801025391,40.7617263794,2,N,-73.7890548706,40.6416625977,2,52.0,0.0
336,2,2015-06-06 05:31:04,2015-06-06 06:02:51,2,17.75,-73.9835357666,40.7610473633,2,N,-73.7834091187,40.6438140869,1,52.0,0.0
337,1,2015-06-06 05:31:05,2015-06-06 05:56:42,2,7.8,-73.9895324707,40.7360534668,1,N,-73.8736877441,40.7548904419,2,25.5,0.5
338,1,2015-06-06 05:31:05,2015-06-06 05:35:31,1,1.2,-73.9782943726,40.7482757568,1,N,-73.966178894,40.7586097717,2,6.0,0.5
339,2,2015-06-06 05:31:06,2015-06-06 05:50:14,1,7.21,-74.0087127686,40.7139816284,1,N,-73.9568710327,40.7445411682,2,22.5,0.5
340,2,2015-06-06 05:31:07,2015-06-06 05:39:17,5,2.51,-74.0051269531,40.7407722473,1,N,-74.0084075928,40.7085342407,1,9.0,0.5
341,2,2015-06-06 05:31:09,2015-06-06 05:39:06,1,2.07,-73.8124313354,40.7050209045,1,N,-73.7847366333,40.696472168,2,8.5,0.5
342,2,2015-06-06 05:31:10,2015-06-06 05:39:25,1,1.49,-73.9129257202,40.7561607361,1,N,-73.9174957275,40.742931366,2,8.0,0.5
343,1,2015-06-06 05:31:11,2015-06-06 05:36:42,1,0.8,-73.9882202148,40.7213783264,1,N,-73.9786376953,40.7295799255,2,6.0,0.5
344,2,2015-06-06 05:31:11,2015-06-06 05:51:57,5,6.59,-74.0070571899,40.7416114807,1,N,-73.9579467773,40.7326812744,1,21.5,0.5
345,1,2015-06-06 05:31:12,2015-06-06 05:37:35,1,1.1,-73.9978637695,40.7605552673,1,N,-73.9912567139,40.7502212524,1,6.5,0.5
346,1,2015-06-06 05:31:13,2015-06-06 05:52:53,1,4.5,-73.9786224365,40.7244987488,1,N,-73.9314117432,40.6967697144,2,18.5,0.5
347,1,2015-06-06 05:31:14,2015-06-06 05:35:49,1,1.1,-73.9788589478,40.7481307983,1,N,-73.9945983887,40.7502174377,1,6.0,0.5
348,1,2015-06-06 05:31:14,2015-06-06 05:34:22,1,0.6,-73.9967269897,40.7625961304,1,N,-73.9942321777,40.7702331543,1,4.5,0.5
349,2,2015-06-06 05:31:14,2015-06-06 05:41:41,1,2.88,-73.9872589111,40.7223510742,1,N,-73.9709701538,40.7556304932,1,11.0,0.5
350,2,2015-06-06 05:31:14,2015-06-06 05:38:44,1,1.68,-73.9554977417,40.7826156616,1,N,-73.9622192383,40.7637443542,1,8.0,0.5
351,1,2015-06-06 05:31:15,2015-06-06 05:47:18,1,7.4,-73.9816513062,40.7326393127,1,N,-73.9234008789,40.8169288635,2,22.0,0.5
352,1,2015-06-06 05:31:15,2015-06-06 05:36:58,2,0.8,-73.986114502,40.7620201111,1,N,-73.9725570679,40.7558288574,2,5.5,0.5
353,2,2015-06-06 05:31:16,2015-06-06 05:59:44,1,13.12,-73.9647598267,40.6487197876,1,N,-73.9303970337,40.7612380981,1,38.5,0.5
354,2,2015-06-06 05:31:16,2015-06-06 05:53:47,1,14.88,-73.7900848389,40.646572113,1,N,-73.9386367798,40.7162246704,1,40.0,0.5
355,1,2015-06-06 05:31:17,2015-06-06 05:39:26,1,2.1,-73.9708404541,40.7985687256,1,N,-73.9758071899,40.7762260437,1,8.5,0.5
356,1,2015-06-06 05:31:19,2015-06-06 05:42:03,1,3.7,-73.9653320312,40.7587776184,1,N,-73.9853439331,40.732585907,1,13.0,0.5
357,1,2015-06-06 05:31:19,2015-06-06 05:32:25,1,0.2,-73.9821243286,40.7401580811,1,N,-73.9799041748,40.7430229187,2,3.0,0.5
358,1,2015-06-06 05:31:20,2015-06-06 05:54:12,1,15.5,-74.0172195435,40.7046699524,1,N,-73.8708648682,40.7739601135,1,41.5,0.5
359,2,2015-06-06 05:31:21,2015-06-06 05:55:05,1,11.68,-73.9751586914,40.7589874268,1,N,-73.8615570068,40.7682723999,1,33.0,0.5
360,1,2015-06-06 05:31:22,2015-06-06 05:44:39,1,4.1,-73.9848022461,40.7422828674,1,N,-73.954864502,40.7086601257,2,14.5,0.5
361,1,2015-06-06 05:31:24,2015-06-06 05:47:35,1,5.0,-73.9792327881,40.735786438,1,N,-73.968963623,40.7908210754,1,17.0,0.5
362,2,2015-06-06 05:31:27,2015-06-06 05:37:09,6,0.73,-73.9903488159,40.7566719055,1,N,-73.9786148071,40.7525367737,2,5.5,0.5
363,2,2015-06-06 05:31:28,2015-06-06 05:35:08,3,0.69,-73.9543685913,40.7072105408,1,N,-73.9523620605,40.706615448,1,5.0,0.5
364,2,2015-06-06 05:31:28,2015-06-06 05:47:22,1,5.84,-73.9874801636,40.7182235718,1,N,-73.9160079956,40.7471504211,2,19.5,0.5
365,2,2015-06-06 05:31:29,2015-06-06 05:57:33,1,13.62,-73.9869232178,40.7223320007,1,N,-73.8913116455,40.8697013855,2,38.0,0.5
366,2,2015-06-06 05:31:31,2015-06-06 05:41:23,1,2.6,-74.0,40.7611045837,1,N,-74.0089874268,40.7307815552,1,10.0,0.5
367,1,2015-06-06 05:31:31,2015-06-06 05:38:20,1,1.3,-73.9604721069,40.7694664001,1,N,-73.9613876343,40.7561454773,1,7.0,0.5
368,1,2015-06-06 05:31:33,2015-06-06 05:34:38,1,0.4,-74.0038070679,40.7326278687,1,N,-73.9995956421,40.7294769287,2,4.0,0.5
369,2,2015-06-06 05:31:33,2015-06-06 05:39:27,1,0.88,-73.9455490112,40.8128395081,1,N,-73.9437026978,40.8202972412,2,6.5,0.5
370,2,2015-06-06 05:31:34,2015-06-06 05:54:36,3,7.58,-73.9831619263,40.7191200256,1,N,-73.9288024902,40.6546897888,1,24.0,0.5
371,2,2015-06-06 05:31:34,2015-06-06 05:52:30,5,10.93,-73.9897537231,40.7675209045,1,N,-73.8713760376,40.7741661072,1,31.0,0.5
372,2,2015-06-06 05:31:36,2015-06-06 05:37:21,1,1.47,-73.9815292358,40.7471389771,1,N,-74.0029220581,40.7527999878,1,6.5,0.5
373,2,2015-06-06 05:31:36,2015-06-06 05:38:15,3,1.57,-74.0104751587,40.7152404785,1,N,-74.0074539185,40.7330245972,2,7.5,0.5
374,1,2015-06-06 05:31:37,2015-06-06 05:34:10,1,0.5,-73.9366760254,40.7986297607,1,N,-73.9322052002,40.7949028015,2,4.0,0.5
375,1,2015-06-06 05:31:38,2015-06-06 05:34:23,2,0.8,-73.9922790527,40.764087677,1,N,-73.981803894,40.7660827637,2,4.5,0.5
376,2,2015-06-06 05:31:39,2015-06-06 05:56:22,1,7.08,-73.9794921875,40.7495002747,1,N,-73.8828811646,40.7469711304,2,24.0,0.5
377,1,2015-06-06 05:31:39,2015-06-06 06:09:15,1,19.0,-74.0084915161,40.7325782776,2,N,-73.7896881104,40.6470756531,1,52.0,0.0
378,2,2015-06-06 05:31:40,2015-06-06 05:56:51,1,12.17,-73.9608840942,40.7669410706,1,N,-73.7823181152,40.7367935181,2,34.5,0.5
379,2,2015-06-06 05:31:42,2015-06-06 05:44:43,5,4.4,-73.9183273315,40.7466011047,1,N,-73.9615936279,40.7770690918,2,15.0,0.5
380,2,2015-06-06 05:31:42,2015-06-06 05:43:34,1,3.4,-73.9598617554,40.7981910706,1,N,-73.9553146362,40.7642059326,1,13.0,0.5
381,2,2015-06-06 05:31:42,2015-06-06 05:44:27,1,7.07,-73.9465866089,40.7918243408,1,N,-73.8708267212,40.7739715576,1,20.5,0.5
382,1,2015-06-06 05:31:43,2015-06-06 06:03:30,1,16.8,-73.9859542847,40.7517089844,2,N,-73.7895355225,40.6430206299,1,52.0,0.0
383,1,2015-06-06 05:31:44,2015-06-06 05:35:20,1,0.7,-73.979385376,40.776599884,1,N,-73.9883575439,40.7706604004,1,5.0,0.5
384,2,2015-06-06 05:31:44,2015-06-06 05:43:54,1,5.21,-73.9470672607,40.7998466492,1,N,-73.9777755737,40.7390060425,1,16.0,0.5
385,1,2015-06-06 05:31:44,2015-06-06 05:36:03,1,1.7,-73.9686203003,40.7549171448,1,N,-73.9876098633,40.7407836914,2,7.0,0.5
386,2,2015-06-06 05:31:44,2015-06-06 05:45:21,1,4.54,-73.9289016724,40.8149452209,1,N,-73.964630127,40.7712669373,1,15.0,0.5
387,2,2015-06-06 05:31:45,2015-06-06 05:46:47,1,3.67,-74.0025253296,40.7499160767,1,N,-73.9774475098,40.7133293152,1,15.0,0.5
388,1,2015-06-06 05:31:46,2015-06-06 06:03:06,1,16.9,-73.9837646484,40.7623710632,2,N,-73.804473877,40.6496925354,2,52.0,0.0
389,1,2015-06-06 05:31:46,2015-06-06 05:51:15,1,10.0,-73.987487793,40.7434158325,1,N,-73.8617477417,40.7684288025,2,28.5,0.5
390,1,2015-06-06 05:31:46,2015-06-06 05:48:51,2,5.8,-73.9679718018,40.7573051453,1,N,-73.9524078369,40.7096633911,2,19.0,0.5
391,2,2015-06-06 05:31:48,2015-06-06 05:41:01,5,2.08,-73.9946899414,40.7250099182,1,N,-73.9947662354,40.742061615,2,9.0,0.5
392,2,2015-06-06 05:31:48,2015-06-06 05:44:20,1,4.14,-74.0080032349,40.7048187256,1,N,-73.9914245605,40.7499504089,1,13.5,0.5
393,1,2015-06-06 05:31:51,2015-06-06 05:47:38,2,1.5,-73.9783859253,40.7632331848,1,N,-73.9668655396,40.7530899048,1,11.5,0.5
394,2,2015-06-06 05:31:52,2015-06-06 05:42:02,1,2.65,-73.9703216553,40.7890281677,1,N,-73.9540786743,40.7640609741,1,10.5,0.5
395,2,2015-06-06 05:31:53,2015-06-06 05:35:47,6,0.52,-74.0000228882,40.7387466431,1,N,-74.0000152588,40.7386360168,2,4.5,0.5
396,1,2015-06-06 05:31:54,2015-06-06 05:46:14,1,0.0,-73.9929504395,40.7151641846,1,N,-73.9872817993,40.750541687,1,13.0,0.5
397,2,2015-06-06 05:31:54,2015-06-06 05:40:44,6,3.9,-73.9815368652,40.722869873,1,N,-74.0143814087,40.7092514038,1,13.5,0.5
398,2,2015-06-06 05:31:54,2015-06-06 05:39:50,1,1.66,-73.9726638794,40.7558746338,1,N,-73.9643478394,40.7733612061,1,8.0,0.5
399,1,2015-06-06 05:31:55,2015-06-06 05:52:22,2,7.3,-74.0040130615,40.7530555725,1,N,-73.9398422241,40.8236122131,1,24.0,0.5
400,2,2015-06-06 05:31:55,2015-06-06 05:48:39,1,9.17,-73.9587402344,40.7748756409,1,N,-73.8612213135,40.7678260803,2,26.0,0.5
401,1,2015-06-06 05:31:56,2015-06-06 05:49:34,1,4.9,-74.0055389404,40.7110137939,1,N,-73.9847412109,40.7683677673,1,16.5,0.5
402,1,2015-06-06 05:31:57,2015-06-06 05:38:15,1,1.6,-73.9884033203,40.7642440796,1,N,-73.9713058472,40.750995636,1,7.0,0.5
403,2,2015-06-06 05:31:57,2015-06-06 06:02:15,1,17.1,-73.9717788696,40.7547073364,2,N,-73.7824707031,40.6487464905,1,52.0,0.0
404,2,2015-06-06 05:31:57,2015-06-06 05:48:40,2,4.48,-73.9872436523,40.7474594116,1,N,-73.9337692261,40.7629623413,2,16.5,0.5
405,1,2015-06-06 05:31:58,2015-06-06 05:42:01,1,3.7,-73.9698638916,40.757484436,1,N,-73.9346160889,40.7947616577,1,12.0,0.5
406,1,2015-06-06 05:31:59,2015-06-06 05:46:30,1,3.1,-73.9621047974,40.7607383728,1,N,-73.9946975708,40.7501792908,2,13.5,0.5
407,2,2015-06-06 05:31:59,2015-06-06 05:37:42,1,2.1,-73.9834365845,40.7384300232,1,N,-73.9630432129,40.7626266479,1,8.0,0.5
408,2,2015-06-06 05:32:01,2015-06-06 05:59:08,1,16.95,-73.98097229,40.7486038208,2,N,-73.7833709717,40.643787384,1,52.0,0.0
409,2,2015-06-06 05:32:01,2015-06-06 05:35:45,2,0.9,-73.9820480347,40.7310676575,1,N,-73.9765930176,40.7324409485,2,5.0,0.5
410,1,2015-06-06 05:32:02,2015-06-06 05:48:10,1,5.3,-74.0110549927,40.7032394409,1,N,-73.9477081299,40.691822052,2,18.0,0.5
411,1,2015-06-06 05:32:04,2015-06-06 05:38:47,1,1.6,-73.9642028809,40.7677574158,1,N,-73.9821243286,40.7602157593,1,7.0,0.5
412,1,2015-06-06 05:32:05,2015-06-06 05:50:48,1,6.1,-73.9597396851,40.7736701965,1,N,-73.9018554688,40.7232818604,1,19.5,0.5
413,2,2015-06-06 05:32:05,2015-06-06 05:35:53,5,0.69,-73.9805450439,40.7492218018,1,N,-73.9904251099,40.751033783,2,5.0,0.5
414,2,2015-06-06 05:32:06,2015-06-06 05:48:40,5,6.23,-73.998664856,40.7551307678,1,N,-73.9408798218,40.8117485046,1,18.5,0.5
415,2,2015-06-06 05:32:06,2015-06-06 05:35:19,6,0.74,-73.9916687012,40.7544364929,1,N,-73.992767334,40.7469596863,2,4.5,0.5
416,1,2015-06-06 05:32:07,2015-06-06 06:03:48,1,16.5,-73.9973831177,40.7375183105,1,N,-73.8258514404,40.8745498657,1,46.5,0.5
417,2,2015-06-06 05:32:07,2015-06-06 05:38:55,1,1.8,-73.9908676147,40.7556838989,1,N,-73.9692153931,40.762096405,2,8.0,0.5
418,1,2015-06-06 05:32:07,2015-06-06 06:43:05,1,18.2,-73.9967651367,40.7668151855,2,N,-73.7763595581,40.6458930969,1,52.0,0.0
419,1,2015-06-06 05:32:07,2015-06-06 05:38:31,3,2.1,-73.9855880737,40.7326889038,1,N,-73.9678955078,40.7557029724,2,8.0,0.5
420,1,2015-06-06 05:32:08,2015-06-06 05:36:14,2,0.6,-73.9806747437,40.7322463989,1,N,-73.9741821289,40.7312469482,1,5.0,0.5
421,1,2015-06-06 05:32:08,2015-06-06 05:34:06,1,0.3,-73.9832382202,40.738571167,1,N,-73.9808502197,40.7396087646,1,3.5,0.5
422,1,2015-06-06 05:32:11,2015-06-06 05:34:42,1,0.4,-73.9864654541,40.7511024475,1,N,-73.9917755127,40.7486343384,1,4.0,0.5
423,1,2015-06-06 05:32:11,2015-06-06 05:53:32,1,9.6,-73.9723434448,40.7941207886,1,N,-73.8617324829,40.7683677673,1,28.5,0.5
424,1,2015-06-06 05:32:12,2015-06-06 05:35:37,1,0.9,-73.9439468384,40.7886123657,1,N,-73.9539108276,40.7812728882,2,5.0,0.5
425,2,2015-06-06 05:32:14,2015-06-06 05:37:13,1,0.88,-73.8858108521,40.7555961609,1,N,-73.8908004761,40.7468414307,2,5.5,0.5
426,2,2015-06-06 05:32:17,2015-06-06 05:51:31,1,5.28,-73.9758300781,40.7487602234,1,N,-73.8997879028,40.7370491028,2,18.0,0.5
427,1,2015-06-06 05:32:17,2015-06-06 05:57:45,1,11.6,-74.0026855469,40.749710083,1,N,-73.8994064331,40.8578796387,1,34.5,0.5
428,1,2015-06-06 05:32:19,2015-06-06 05:38:47,1,1.3,-73.9766387939,40.7881355286,1,N,-73.9823379517,40.7691459656,1,7.0,0.5
429,1,2015-06-06 05:32:19,2015-06-06 05:43:47,1,4.1,-74.0121612549,40.7037963867,1,N,-73.9861297607,40.7505493164,2,13.5,0.5
430,2,2015-06-06 05:32:19,2015-06-06 05:38:22,1,1.66,-73.9973831177,40.7519378662,1,N,-73.9864807129,40.7668914795,1,7.0,0.5
431,1,2015-06-06 05:32:20,2015-06-06 05:41:30,1,2.6,-73.9478225708,40.775970459,1,N,-73.9750671387,40.7523994446,2,10.0,0.5
432,1,2015-06-06 05:32:21,2015-06-06 05:50:33,1,8.5,-73.9546661377,40.7658615112,1,N,-73.8706436157,40.7738456726,1,26.0,0.5
433,1,2015-06-06 05:32:21,2015-06-06 05:33:26,1,0.3,-73.9984436035,40.7452125549,1,N,-73.9952392578,40.7497901917,2,3.0,0.5
434,1,2015-06-06 05:32:22,2015-06-06 05:33:41,1,0.2,-73.9513626099,40.773563385,1,N,-73.9480743408,40.7744140625,2,3.0,0.5
435,1,2015-06-06 05:32:23,2015-06-06 05:36:36,1,0.9,-73.8337936401,40.7042198181,1,N,-73.8298492432,40.713142395,2,5.0,0.5
436,2,2015-06-06 05:32:24,2015-06-06 05:46:10,1,4.19,-73.9146499634,40.7658805847,1,N,-73.8829269409,40.7360687256,1,15.5,0.5
437,2,2015-06-06 05:32:25,2015-06-06 05:40:05,1,1.61,-73.9925765991,40.7373733521,1,N,-73.9862060547,40.7223815918,1,8.0,0.5
438,2,2015-06-06 05:32:25,2015-06-06 05:55:25,1,11.46,-73.9805603027,40.7632980347,1,N,-73.8614578247,40.7681503296,1,32.5,0.5
439,2,2015-06-06 05:32:25,2015-06-06 05:51:03,1,4.67,-73.976524353,40.6934242249,1,N,-73.9136886597,40.6754875183,2,16.5,0.5
440,1,2015-06-06 05:32:27,2015-06-06 06:02:40,1,16.7,-73.9890289307,40.7737770081,2,N,-73.7926864624,40.6590118408,1,52.0,0.0
441,2,2015-06-06 05:32:27,2015-06-06 05:47:34,6,2.28,-74.0012435913,40.7309265137,1,N,-74.0043563843,40.7217788696,2,12.0,0.5
442,2,2015-06-06 05:32:28,2015-06-06 05:38:38,1,2.91,-73.9533615112,40.7671661377,1,N,-73.9788208008,40.738735199,1,10.0,0.5
443,2,2015-06-06 05:32:29,2015-06-06 06:02:17,1,18.22,-74.0057067871,40.7405090332,2,N,-73.7830886841,40.6489715576,1,52.0,0.0
444,1,2015-06-06 05:32:29,2015-06-06 05:52:29,1,5.6,-73.9831466675,40.7561721802,1,N,-73.9074630737,40.7737808228,2,19.5,0.5
445,2,2015-06-06 05:32:33,2015-06-06 05:39:38,1,1.85,-73.9516906738,40.7821006775,1,N,-73.9577026367,40.8005905151,2,8.0,0.5
446,2,2015-06-06 05:32:33,2015-06-06 05:47:45,1,2.66,-74.0051651001,40.7406806946,1,N,-73.9740142822,40.7439002991,1,12.5,0.5
447,1,2015-06-06 05:32:33,2015-06-06 06:19:49,1,3.6,-73.9813842773,40.7373504639,1,N,-73.9826507568,40.7556800842,2,5.5,0.0
448,1,2015-06-06 05:32:36,2015-06-06 06:08:37,4,9.3,-73.9882354736,40.7316741943,1,N,-73.9071655273,40.6868438721,2,31.5,0.5
449,1,2015-06-06 05:32:36,2015-06-06 05:34:54,2,0.6,-73.984161377,40.757270813,1,N,-73.992767334,40.754322052,2,4.0,0.5
450,1,2015-06-06 05:32:36,2015-06-06 05:45:54,1,3.6,-74.0051269531,40.7409934998,1,N,-73.9636459351,40.7614555359,1,13.0,0.5
451,1,2015-06-06 05:32:37,2015-06-06 05:46:43,1,4.8,-74.0001983643,40.7285385132,1,N,-73.9522857666,40.7318305969,2,16.5,0.5
452,2,2015-06-06 05:32:38,2015-06-06 05:34:49,2,0.86,-73.9780731201,40.7833213806,1,N,-73.9702606201,40.7942810059,1,4.5,0.5
453,2,2015-06-06 05:32:38,2015-06-06 06:04:23,1,20.07,-73.7902069092,40.6465988159,2,N,-73.9789810181,40.7875289917,2,52.0,0.0
454,1,2015-06-06 05:32:38,2015-06-06 05:47:28,1,5.2,-74.002822876,40.7285461426,1,N,-73.9523773193,40.789932251,1,16.5,0.5
455,1,2015-06-06 05:32:38,2015-06-06 05:34:23,1,0.2,-73.9909515381,40.7559509277,1,N,-73.9883956909,40.7584571838,2,3.5,0.5
456,1,2015-06-06 05:32:39,2015-06-06 05:39:52,1,2.2,-73.9903335571,40.7311325073,1,N,-73.9914932251,40.7528266907,2,8.5,0.5
457,2,2015-06-06 05:32:39,2015-06-06 05:39:28,1,1.56,-73.981880188,40.7283363342,1,N,-73.9794692993,40.7455062866,1,7.5,0.5
458,2,2015-06-06 05:32:40,2015-06-06 05:47:36,4,4.31,-74.0037918091,40.7426795959,1,N,-74.0013580322,40.7086715698,2,15.0,0.5
459,1,2015-06-06 05:32:40,2015-06-06 05:49:19,1,5.9,-73.9868850708,40.7294616699,1,N,-73.9778289795,40.7921638489,2,18.5,0.5
460,1,2015-06-06 05:32:40,2015-06-06 05:38:22,1,1.1,-73.9869155884,40.7296943665,1,N,-73.9901809692,40.716632843,2,6.0,0.5
461,2,2015-06-06 05:32:41,2015-06-06 05:48:13,3,4.34,-73.9877624512,40.7323989868,1,N,-73.9825592041,40.6920814514,2,15.5,0.5
462,1,2015-06-06 05:32:44,2015-06-06 05:44:04,1,2.5,-73.9504928589,40.7797164917,1,N,-73.9828948975,40.7709960938,1,10.5,0.5
463,2,2015-06-06 05:32:45,2015-06-06 05:45:27,1,1.84,-73.9637145996,40.7980079651,1,N,-73.9436798096,40.8127479553,2,10.5,0.5
464,1,2015-06-06 05:32:47,2015-06-06 05:39:49,1,1.7,-73.9787063599,40.7310752869,1,N,-74.002784729,40.739906311,1,7.5,0.5
465,1,2015-06-06 05:32:48,2015-06-06 05:39:54,1,2.4,-73.9984207153,40.7351722717,1,N,-73.9988861084,40.7612113953,1,9.0,0.5
466,1,2015-06-06 05:32:48,2015-06-06 06:03:53,2,18.9,-73.9659194946,40.7940750122,2,N,-73.7982406616,40.6448936462,1,52.0,0.0
467,2,2015-06-06 05:32:49,2015-06-06 05:35:07,1,0.43,-73.9478759766,40.836101532,1,N,-73.9478759766,40.836101532,1,4.0,0.5
468,1,2015-06-06 05:32:49,2015-06-06 05:35:57,1,0.7,-73.9412994385,40.7985038757,1,N,-73.9422683716,40.7907028198,2,4.5,0.5
469,2,2015-06-06 05:32:50,2015-06-06 05:39:17,2,0.95,-73.9750518799,40.7591362,1,N,-73.9858474731,40.7581443787,2,6.0,0.5
470,1,2015-06-06 05:32:50,2015-06-06 05:37:19,1,1.1,-73.9872360229,40.7476081848,1,N,-73.9941635132,40.7550735474,1,5.5,0.5
471,1,2015-06-06 05:32:50,2015-06-06 05:42:26,1,2.1,-73.9965286255,40.7532653809,1,N,-73.973777771,40.750087738,2,9.0,0.5
472,2,2015-06-06 05:32:51,2015-06-06 05:38:12,1,0.37,-74.0037307739,40.7419395447,1,N,-73.9976730347,40.7376594543,2,5.0,0.5
473,2,2015-06-06 05:32:54,2015-06-06 05:44:14,1,3.9,-73.983291626,40.738483429,1,N,-73.9726867676,40.7809410095,1,13.0,0.5
474,1,2015-06-06 05:32:56,2015-06-06 05:39:02,2,1.7,-73.9898376465,40.7759132385,1,N,-73.9732513428,40.7911643982,1,7.0,0.5
475,1,2015-06-06 05:32:56,2015-06-06 05:48:14,1,4.1,-73.9974822998,40.7208099365,1,N,-73.9868164062,40.7683639526,2,15.0,0.5
476,2,2015-06-06 05:32:56,2015-06-06 05:40:01,1,2.26,-73.9915542603,40.7598381042,1,N,-73.9813308716,40.7396316528,2,9.0,0.5
477,2,2015-06-06 05:32:56,2015-06-07 00:00:00,1,0.64,-73.982711792,40.7672080994,1,N,-73.9932022095,40.7711601257,2,4.0,0.5
478,2,2015-06-06 05:32:57,2015-06-06 05:47:43,1,6.0,-73.9850463867,40.7278785706,1,N,-73.9212341309,40.7670211792,1,18.5,0.5
479,2,2015-06-06 05:32:57,2015-06-06 05:38:10,6,0.29,0.0,0.0,1,N,0.0,0.0,1,3.0,0.5
480,2,2015-06-06 05:32:57,2015-06-06 05:35:35,1,0.53,-74.0065536499,40.7439117432,1,N,-74.0021972656,40.7504920959,1,4.0,0.5
481,2,2015-06-06 05:32:58,2015-06-06 05:45:27,1,3.64,-73.9899520874,40.7346534729,1,N,-73.9577407837,40.744934082,1,13.0,0.5
482,1,2015-06-06 05:32:59,2015-06-06 05:37:01,1,1.3,-73.9817657471,40.7472572327,1,N,-74.0040740967,40.7567749023,2,6.0,0.5
483,2,2015-06-06 05:32:59,2015-06-06 05:49:48,1,4.59,-73.9867477417,40.7017364502,1,N,-73.9790878296,40.7453651428,1,17.0,0.5
484,2,2015-06-06 05:33:00,2015-06-06 05:50:29,1,5.35,-74.0001983643,40.7302360535,1,N,-73.9548950195,40.734577179,2,18.0,0.5
485,1,2015-06-06 05:33:01,2015-06-06 05:37:16,1,1.3,-73.925567627,40.7621383667,1,N,-73.9379806519,40.7676963806,2,6.0,0.5
486,1,2015-06-06 05:33:02,2015-06-06 05:43:28,1,3.2,-74.0024337769,40.7265129089,1,N,-73.9698410034,40.7536048889,1,11.5,0.5
487,1,2015-06-06 05:33:02,2015-06-06 05:38:21,1,1.1,-73.9950027466,40.7248573303,1,N,-73.9781646729,40.7176704407,2,6.0,0.5
488,2,2015-06-06 05:33:02,2015-06-06 05:41:55,3,2.55,-73.9607543945,40.7972564697,1,N,-73.9821014404,40.7677879333,2,9.5,0.5
489,2,2015-06-06 05:33:03,2015-06-06 05:36:23,1,1.35,-73.9560928345,40.6909294128,1,N,-73.981842041,40.6909484863,2,6.0,0.5
490,2,2015-06-06 05:33:04,2015-06-06 05:48:57,6,8.41,-74.0021514893,40.739616394,1,N,-73.9439620972,40.8355331421,2,24.0,0.5
491,2,2015-06-06 05:33:05,2015-06-06 05:51:29,5,4.25,-73.9885635376,40.7487792969,1,N,-73.9700317383,40.7520599365,1,16.0,0.5
492,1,2015-06-06 05:33:07,2015-06-06 05:44:14,1,2.1,-73.9382629395,40.8047561646,1,N,-73.9539337158,40.825012207,1,10.5,0.5
493,1,2015-06-06 05:33:08,2015-06-06 06:05:34,1,15.4,-74.010383606,40.7103691101,3,N,-74.1774520874,40.6953163147,1,60.5,0.5
494,1,2015-06-06 05:33:09,2015-06-06 05:41:42,2,3.8,-73.9856262207,40.7326164246,1,Y,-73.9525756836,40.7798500061,1,12.0,0.5
495,1,2015-06-06 05:33:10,2015-06-06 05:37:26,1,0.8,-73.9904251099,40.7501029968,1,N,-73.9898986816,40.7581939697,3,5.0,0.5
496,1,2015-06-06 05:33:10,2015-06-06 05:38:58,1,1.5,-73.951675415,40.7778244019,1,N,-73.9762191772,40.7882461548,1,7.0,0.5
497,1,2015-06-06 05:33:12,2015-06-06 05:36:30,1,0.5,-73.9970245361,40.7627906799,1,N,-74.0037841797,40.7592353821,2,4.5,0.5
498,1,2015-06-06 05:33:13,2015-06-06 05:37:59,1,0.6,-74.0048217773,40.7406578064,1,N,-74.0002975464,40.735206604,1,5.0,0.5
